Rank,Full Journal Title,Journal Impact Factor,ESI_field,COPE (T = member; F = not a member),journalHomepage,originalLink_articleTypes,permaLink_articleTypes,coder1,coder2
28,World Psychiatry,30,PSYCHIATRY_PSYCHOLOGY,FALSE,https://onlinelibrary.wiley.com/journal/20515545,F,NA,TB,JEK
33,PSYCHOLOGICAL INQUIRY,26.364,PSYCHIATRY_PSYCHOLOGY,TRUE,https://www.tandfonline.com/loi/hpli20,https://www.tandfonline.com/action/authorSubmission?show=instructions&journalCode=hpli20#about,https://perma.cc/X8C8-5CPY; https://perma.cc/6XAJ-62MX,SAH,RTT
95,JAMA Psychiatry,16.642,PSYCHIATRY_PSYCHOLOGY,FALSE,https://jamanetwork.com/journals/jamapsychiatry,https://jamanetwork.com/journals/jamapsychiatry/pages/instructions-for-authors,https://perma.cc/CCY7-BLYK https://web.archive.org/web/20200329092114/https://jamanetwork.com/pages/commenting-policy,LT,JEK
111,Lancet Psychiatry,15.233,PSYCHIATRY_PSYCHOLOGY,TRUE,https://www.thelancet.com/journals/lanpsy/home,https://els-jbs-prod-cdn.literatumonline.com/pb/assets/raw/Lancet/authors/tlp-info-for-authors-1570012988860.pdf,https://perma.cc/2ZBP-CRM8,SAH,RTT
150,AMERICAN JOURNAL OF PSYCHIATRY,13.396,PSYCHIATRY_PSYCHOLOGY,FALSE,https://ajp.psychiatryonline.org,https://ajp.psychiatryonline.org/ajp_ifora,https://perma.cc/5KW6-NVFW,SAH,TEH
163,PSYCHOTHERAPY AND PSYCHOSOMATICS,13.122,PSYCHIATRY_PSYCHOLOGY,FALSE,https://www.karger.com/Journal/Home/223864,https://www.karger.com/Journal/Guidelines/223864#sec5,https://perma.cc/PD8V-95KH,LT,RTT
515,JOURNAL OF CHILD PSYCHOLOGY AND PSYCHIATRY,6.486,PSYCHIATRY_PSYCHOLOGY,TRUE,https://onlinelibrary.wiley.com/journal/14697610,https://onlinelibrary.wiley.com/page/journal/14697610/homepage/forauthors.html,https://perma.cc/B7J7-AH9G,TB,JEK
517,PSYCHOLOGICAL METHODS,6.485,PSYCHIATRY_PSYCHOLOGY,FALSE,https://www.apa.org/pubs/journals/met/,https://www.apa.org/pubs/journals/met/?tab=4,https://osf.io/ewupz/,SAH,JEK
554,JOURNAL OF THE AMERICAN ACADEMY OF CHILD AND ADOLESCENT PSYCHIATRY,6.25,PSYCHIATRY_PSYCHOLOGY,TRUE,https://www.jaacap.org,https://www.jaacap.org/content/authorinfo#idp1386304,https://osf.io/2jkz7/,TB,TEH
579,PSYCHOLOGICAL SCIENCE,6.128,PSYCHIATRY_PSYCHOLOGY,TRUE,https://journals.sagepub.com/home/pss,https://www.psychologicalscience.org/publications/psychological_science/ps-submissions#ART,https://perma.cc/26U7-5DFD,SAH,JEK
637,BRITISH JOURNAL OF PSYCHIATRY,5.867,PSYCHIATRY_PSYCHOLOGY,TRUE,https://www.cambridge.org/core/journals/the-british-journal-of-psychiatry,https://www.cambridge.org/core/journals/the-british-journal-of-psychiatry/information/instructions-contributors,https://perma.cc/PC33-QJ3H,TB,JEK
660,JOURNAL OF PERSONALITY AND SOCIAL PSYCHOLOGY,5.733,PSYCHIATRY_PSYCHOLOGY,FALSE,https://www.apa.org/pubs/journals/psp/,F,NA,SAH,TEH
668,Epidemiology and Psychiatric Sciences,5.684,PSYCHIATRY_PSYCHOLOGY,TRUE,https://www.cambridge.org/core/journals/epidemiology-and-psychiatric-sciences,https://www.cambridge.org/core/journals/epidemiology-and-psychiatric-sciences/information/instructions-contributors,https://perma.cc/3CJ4-VM46,TB,TEH
707,PERSONNEL PSYCHOLOGY,5.523,PSYCHIATRY_PSYCHOLOGY,TRUE,https://onlinelibrary.wiley.com/journal/17446570,https://onlinelibrary.wiley.com/page/journal/17446570/homepage/forauthors.html,https://perma.cc/AM38-Q94W?type=image,LT,TEH
723,PSYCHOLOGICAL MEDICINE,5.475,PSYCHIATRY_PSYCHOLOGY,TRUE,https://www.cambridge.org/core/journals/psychological-medicine,https://www.cambridge.org/core/journals/psychological-medicine/information/instructions-contributors,https://perma.cc/8YPD-PZ7C,TB,JEK
78,Nature Climate Change,19.181,ENVIRONMENT_ECOLOGY,TRUE,https://www.nature.com/nclimate/,https://www.nature.com/nclimate/about/content,https://perma.cc/TWT8-HS3X; https://perma.cc/XSD9-EDF3,SAH,TEH
281,ECOLOGY LETTERS,9.137,ENVIRONMENT_ECOLOGY,TRUE,https://onlinelibrary.wiley.com/journal/14610248,https://onlinelibrary.wiley.com/page/journal/14610248/homepage/forauthors.html#tips2,https://perma.cc/4VDM-8PQQ,LT,RTT
291,GLOBAL CHANGE BIOLOGY,8.997,ENVIRONMENT_ECOLOGY,TRUE,https://onlinelibrary.wiley.com/journal/13652486,https://onlinelibrary.wiley.com/page/journal/13652486/homepage/forauthors.html,https://perma.cc/JP7H-UFTK,TB,JEK
322,SYSTEMATIC BIOLOGY,8.523,ENVIRONMENT_ECOLOGY,TRUE,https://academic.oup.com/sysbio,https://academic.oup.com/sysbio/pages/General_Instructions,https://perma.cc/87J5-DHVG,TB,RTT
327,ENVIRONMENTAL HEALTH PERSPECTIVES,8.44,ENVIRONMENT_ECOLOGY,TRUE,https://ehp.niehs.nih.gov,https://ehp.niehs.nih.gov/authors/what-ehp-publishes,https://perma.cc/2GS9-Q9EJ,LT,JEK
336,FRONTIERS IN ECOLOGY AND THE ENVIRONMENT,8.302,ENVIRONMENT_ECOLOGY,TRUE,https://www.frontiersinecology.org/fron/,https://www.frontiersinecology.org/fron/instructions-to-authors/,https://perma.cc/XPF7-F9NV,SAH,RTT
370,ECOLOGICAL MONOGRAPHS,7.828,ENVIRONMENT_ECOLOGY,FALSE,https://esajournals.onlinelibrary.wiley.com/journal/15577015,https://esajournals.onlinelibrary.wiley.com/hub/journal/15577015/resources/author-guidelines-ecm#Types_of_Contributions,https://perma.cc/4WSA-2EHA,SAH,JEK
409,ENVIRONMENT INTERNATIONAL,7.297,ENVIRONMENT_ECOLOGY,TRUE,https://www.journals.elsevier.com/environment-international,https://www.elsevier.com/journals/environment-international/0160-4120/guide-for-authors#2002,https://perma.cc/UU3G-992W,LT,TEH
410,Conservation Letters,7.279,ENVIRONMENT_ECOLOGY,TRUE,https://conbio.onlinelibrary.wiley.com/journal/1755263x,https://conbio.onlinelibrary.wiley.com/hub/journal/1755263x/homepage/forauthors.html#ATypes,https://perma.cc/5K3R-LACV,TB,TEH
412,LAND DEGRADATION & DEVELOPMENT,7.27,ENVIRONMENT_ECOLOGY,TRUE,https://onlinelibrary.wiley.com/journal/1099145x,https://onlinelibrary.wiley.com/page/journal/1099145x/homepage/forauthors.html#manuscriptcategories,https://perma.cc/E7VT-3LVA,SAH,JEK
437,Molecular Ecology Resources,7.059,ENVIRONMENT_ECOLOGY,TRUE,https://onlinelibrary.wiley.com/journal/17550998,https://onlinelibrary.wiley.com/page/journal/17550998/homepage/forauthors.html#cat,https://perma.cc/66FA-PJ8N,SAH,TEH
438,WATER RESEARCH,7.051,ENVIRONMENT_ECOLOGY,TRUE,https://www.journals.elsevier.com/water-research,https://www.elsevier.com/journals/water-research/0043-1354/guide-for-authors#2001,https://perma.cc/3G2Z-PDHS,TB,TEH
482,ENVIRONMENTAL SCIENCE & TECHNOLOGY,6.653,ENVIRONMENT_ECOLOGY,TRUE,https://pubs.acs.org/journal/esthag,http://pubsapp.acs.org/paragonplus/submission/esthag/esthag_authguide.pdf?,https://perma.cc/V3W2-LZRW,LT,TEH
575,MOLECULAR ECOLOGY,6.131,ENVIRONMENT_ECOLOGY,TRUE,https://onlinelibrary.wiley.com/journal/1365294x,https://onlinelibrary.wiley.com/page/journal/1365294x/homepage/forauthors.html#cat,https://perma.cc/UK98-WQPW,LT,RTT
587,Environmental Science-Nano,6.087,ENVIRONMENT_ECOLOGY,TRUE,https://pubs.rsc.org/en/journals/journalissues/en#!recentarticles&adv,https://www.rsc.org/journals-books-databases/about-journals/environmental-science-nano/,https://perma.cc/X6HX-TPQN,SAH,TEH
2,NEW ENGLAND JOURNAL OF MEDICINE,79.26,CLINICAL MEDICINE,TRUE,https://www.nejm.org/author-center/home?query=main_nav_lg,https://www.nejm.org/author-center/article-types,https://perma.cc/8BUY-GQES; https://perma.cc/HUV6-ZP6N,SAH,TEH
3,LANCET,53.254,CLINICAL MEDICINE,TRUE,https://www.thelancet.com/journals/lancet/home,https://www.thelancet.com/what-we-publish,https://osf.io/gtkbq/; https://perma.cc/9K7J-WWPW,TB,JEK
7,JAMA-JOURNAL OF THE AMERICAN MEDICAL ASSOCIATION,47.661,CLINICAL MEDICINE,FALSE,https://jamanetwork.com/journals/jama,https://jamanetwork.com/journals/jama/pages/instructions-for-authors#,https://perma.cc/89QC-87FF https://web.archive.org/web/20200329092114/https://jamanetwork.com/pages/commenting-policy,SAH,JEK
17,LANCET ONCOLOGY,36.421,CLINICAL MEDICINE,TRUE,https://www.thelancet.com/journals/lanonc/home,https://www.thelancet.com/what-we-publish,https://osf.io/gtkbq/; https://osf.io/nrxsb/,TB,RTT
34,JOURNAL OF CLINICAL ONCOLOGY,26.36,CLINICAL MEDICINE,FALSE,https://ascopubs.org/journal/jco,https://ascopubs.org/jco/site/ifc/determine-my-article-type.xhtml,https://osf.io/4zjd9/,SAH,JEK
43,Cancer Discovery,24.373,CLINICAL MEDICINE,TRUE,https://cancerdiscovery.aacrjournals.org,https://cancerdiscovery.aacrjournals.org/site/misc/journal_ifora.xhtml,https://perma.cc/3Z7B-EDWX,TB,JEK
46,BMJ-British Medical Journal,23.562,CLINICAL MEDICINE,FALSE,https://www.bmj.com,https://www.bmj.com/about-bmj/resources-authors/article-types,https://perma.cc/776T-353C,TB,TEH
47,EUROPEAN HEART JOURNAL,23.425,CLINICAL MEDICINE,TRUE,https://academic.oup.com/eurheartj,https://academic.oup.com/eurheartj/pages/General_Instructions#2.1,https://perma.cc/8VR4-XEYZ,TB,JEK
60,Lancet Respiratory Medicine,21.466,CLINICAL MEDICINE,TRUE,https://www.thelancet.com/journals/lanres/home,https://www.thelancet.com/what-we-publish,https://osf.io/gtkbq/,LT,RTT
64,JAMA Oncology,20.871,CLINICAL MEDICINE,FALSE,https://jamanetwork.com/journals/jamaoncology,https://jamanetwork.com/journals/jamaoncology/pages/instructions-for-authors#,https://perma.cc/BXS7-FWNV https://web.archive.org/web/20200329092114/https://jamanetwork.com/pages/commenting-policy,TB,RTT
65,GASTROENTEROLOGY,20.773,CLINICAL MEDICINE,TRUE,https://www.gastrojournal.org,https://els-jbs-prod-cdn.literatumonline.com/pb/assets/raw/Health%20Advance/journals/ygast/Information_About_Article_Types-1532022469570.pdf,https://perma.cc/RX5V-6AF4,LT,RTT
72,JAMA Internal Medicine,19.989,CLINICAL MEDICINE,FALSE,https://jamanetwork.com/journals/jamainternalmedicine,https://jamanetwork.com/journals/jamainternalmedicine/pages/instructions-for-authors#,https://perma.cc/UJG7-HL4K; https://web.archive.org/web/20200329092114/https://jamanetwork.com/pages/commenting-policy,SAH,TEH
76,ANNALS OF INTERNAL MEDICINE,19.384,CLINICAL MEDICINE,TRUE,https://annals.org/aim,https://annals.org/aim/pages/authors#article-types,https://perma.cc/L53F-QD3D; https://perma.cc/MQW5-PWRM; https://perma.cc/C69E-JGBQ,SAH,RTT
77,Lancet Diabetes & Endocrinology,19.313,CLINICAL MEDICINE,TRUE,https://www.thelancet.com/journals/landia/home,https://www.thelancet.com/what-we-publish,https://osf.io/gtkbq/; https://perma.cc/UHT3-399T,SAH,JEK
82,CIRCULATION,18.881,CLINICAL MEDICINE,FALSE,https://ahajournals.org/journal/circ,https://www.ahajournals.org/circ/article-types,https://osf.io/4y63p/,LT,JEK
27,Energy & Environmental Science,30.067,CHEMISTRY,TRUE,https://pubs.rsc.org/en/journals/journalissues/ee#!recentarticles&adv,https://www.rsc.org/journals-books-databases/journal-authors-reviewers/prepare-your-article/,https://perma.cc/EQ2G-XTT7,SAH,RTT
35,Nature Chemistry,26.201,CHEMISTRY,TRUE,https://www.nature.com/nchem/,https://www.nature.com/nchem/about/content,https://osf.io/ge7az/; https://perma.cc/J5SY-8EP4,SAH,TEH
63,ACCOUNTS OF CHEMICAL RESEARCH,20.955,CHEMISTRY,TRUE,https://pubs.acs.org/journal/achre4,http://pubsapp.acs.org/paragonplus/submission/achre4/achre4_authguide.pdf?,https://perma.cc/6M6A-NQ4U,LT,RTT
109,JOURNAL OF PHOTOCHEMISTRY AND PHOTOBIOLOGY C-PHOTOCHEMISTRY REVIEWS,15.325,CHEMISTRY,FALSE,https://www.journals.elsevier.com/journal-of-photochemistry-and-photobiology-c-photochemistry-reviews,F,NA,LT,TEH
126,JOURNAL OF THE AMERICAN CHEMICAL SOCIETY,14.357,CHEMISTRY,TRUE,https://pubs.acs.org/journal/jacsat,http://pubsapp.acs.org/paragonplus/submission/jacsat/jacsat_authguide.pdf?,https://perma.cc/VE78-UU87,TB,JEK
134,Chem,14.104,CHEMISTRY,FALSE,https://www.cell.com/chem/home,https://www.cell.com/chem/article-types,https://osf.io/pm9gr/; https://osf.io/dk6sw/; https://osf.io/8rbzk/; https://osf.io/tdbh2/; https://osf.io/3vap6/,LT,RTT
182,ANGEWANDTE CHEMIE-INTERNATIONAL EDITION,12.102,CHEMISTRY,FALSE,https://onlinelibrary.wiley.com/journal/15213773,https://onlinelibrary.wiley.com/page/journal/15213773/homepage/notice-to-authors#sect2ArticleTypes,https://perma.cc/6KVU-TTNB,LT,RTT
189,APPLIED CATALYSIS B-ENVIRONMENTAL,11.698,CHEMISTRY,TRUE,https://www.journals.elsevier.com/applied-catalysis-b-environmental,https://www.elsevier.com/journals/applied-catalysis-b-environmental/0926-3373/guide-for-authors#2001,https://perma.cc/EN37-6H7A,LT,TEH
207,ACS Catalysis,11.384,CHEMISTRY,TRUE,https://pubs.acs.org/journal/accacs,http://pubsapp.acs.org/paragonplus/submission/accacs/accacs_authguide.pdf?,https://perma.cc/AMJ9-4MFS,LT,JEK
210,ACS Central Science,11.228,CHEMISTRY,TRUE,https://pubs.acs.org/journal/acscii,http://pubsapp.acs.org/paragonplus/submission/acscii/acscii_authguide.pdf?,https://perma.cc/6BUQ-XZT2,TB,TEH
288,Chemical Science,9.063,CHEMISTRY,TRUE,https://pubs.rsc.org/-/journals/journalissues/sc#!recentarticles&adv,https://www.rsc.org/journals-books-databases/about-journals/chemical-science/,https://perma.cc/53ZU-ELPP,SAH,TEH
312,Journal of Physical Chemistry Letters,8.709,CHEMISTRY,TRUE,https://pubs.acs.org/journal/jpclcd,http://pubsapp.acs.org/paragonplus/submission/jpclcd/jpclcd_authguide.pdf?,https://perma.cc/QJ6H-78RQ,SAH,TEH
313,Acta Crystallographica Section C-Structural Chemistry,8.678,CHEMISTRY,TRUE,https://journals.iucr.org/c/,https://journals.iucr.org/c/services/notesforauthors.html,https://perma.cc/3MGX-7E4S,SAH,JEK
318,GREEN CHEMISTRY,8.586,CHEMISTRY,TRUE,https://www.rsc.org/journals-books-databases/about-journals/green-chemistry/,https://www.rsc.org/journals-books-databases/about-journals/green-chemistry/,https://perma.cc/R9PS-V5BT,SAH,TEH
344,BIOSENSORS & BIOELECTRONICS,8.173,CHEMISTRY,TRUE,https://www.journals.elsevier.com/biosensors-and-bioelectronics,https://www.elsevier.com/journals/biosensors-and-bioelectronics/0956-5663/guide-for-authors#2001,https://perma.cc/F5TD-M2JV,LT,TEH
15,"NATURE MATERIALS",39.235,MATERIALS SCIENCE,TRUE,https://www.nature.com/nmat/,https://www.nature.com/nmat/about/content,https://osf.io/9wn6j/; https://perma.cc/28C9-RNK4,TB,TEH
16,Nature Nanotechnology,37.49,MATERIALS SCIENCE,TRUE,https://www.nature.com/nnano/,https://www.nature.com/nnano/about/content,https://perma.cc/EWQ2-7N8D; https://perma.cc/Q6GD-D6F2,LT,RTT
41,Materials Today,24.537,MATERIALS SCIENCE,FALSE,https://www.materialstoday.com,https://www.elsevier.com/wps/find/journaldescription.cws_home/601189?generatepdf=true,https://osf.io/5jdbw/,SAH,JEK
56,ADVANCED MATERIALS,21.95,MATERIALS SCIENCE,FALSE,https://onlinelibrary.wiley.com/journal/15214095,https://wol-prod-cdn.literatumonline.com/pb-assets/assets/15214095/2089_Guide_for_Authors_ADMA-1562584882563.pdf,https://perma.cc/44JG-SZHU,TB,RTT
57,Advanced Energy Materials,21.875,MATERIALS SCIENCE,FALSE,https://onlinelibrary.wiley.com/journal/16146840,https://wol-prod-cdn.literatumonline.com/pb-assets/assets/16146840/2528_Guide_for_Authors_AENM-1561967702593.pdf,https://perma.cc/YK8F-HE4G,LT,TEH
143,ACS Nano,13.709,MATERIALS SCIENCE,TRUE,https://pubs.acs.org/journal/ancac3,http://pubsapp.acs.org/paragonplus/submission/ancac3/ancac3_authguide.pdf?,https://perma.cc/8PXB-FRTG,TB,TEH
153,ADVANCED FUNCTIONAL MATERIALS,13.325,MATERIALS SCIENCE,FALSE,https://onlinelibrary.wiley.com/journal/16163028,https://wol-prod-cdn.literatumonline.com/pb-assets/assets/16163028/2126_Guide_for_Authors_ADFM-1561967142030.pdf,https://perma.cc/E2GP-74P8,SAH,TEH
162,Materials Horizons,13.183,MATERIALS SCIENCE,TRUE,https://www.rsc.org/journals-books-databases/about-journals/materials-horizons/,https://www.rsc.org/journals-books-databases/journal-authors-reviewers/prepare-your-article/,https://perma.cc/RPA8-TQ9V; https://perma.cc/Q9L3-2ZZM,SAH,JEK
165,Nano Energy,13.12,MATERIALS SCIENCE,FALSE,https://www.journals.elsevier.com/nano-energy,https://www.elsevier.com/wps/find/journaldescription.cws_home/725743?generatepdf=true,https://perma.cc/UW9Q-7RS8,TB,RTT
178,ACS Energy Letters,12.277,MATERIALS SCIENCE,TRUE,https://pubs.acs.org/journal/aelccp,http://pubsapp.acs.org/paragonplus/submission/aelccp/aelccp_authguide.pdf?,https://perma.cc/5KEH-SM3D,LT,TEH
241,Journal of Materials Chemistry A,9.931,MATERIALS SCIENCE,TRUE,https://pubs.rsc.org/en/journals/journalissues/ta#!recentarticles&adv,https://www.rsc.org/journals-books-databases/about-journals/journal-of-materials-chemistry-a/,https://perma.cc/VHD8-U93T,TB,JEK
242,CHEMISTRY OF MATERIALS,9.89,MATERIALS SCIENCE,TRUE,https://pubs.acs.org/journal/cmatex,http://pubsapp.acs.org/paragonplus/submission/cmatex/cmatex_authguide.pdf?,https://perma.cc/56TH-XQCE,SAH,RTT
248,Small,9.598,MATERIALS SCIENCE,FALSE,https://onlinelibrary.wiley.com/journal/16136829,https://wol-prod-cdn.literatumonline.com/pb-assets/assets/16136829/2296_Guide_for_Authors_SMLL-1569507868510.pdf,https://perma.cc/PVP9-QV8B,LT,JEK
294,npj Computational Materials,8.941,MATERIALS SCIENCE,TRUE,https://www.nature.com/npjcompumats/,https://www.nature.com/npjcompumats/about/content-types/,https://perma.cc/5PSL-9E7N,LT,RTT
302,BIOMATERIALS,8.806,MATERIALS SCIENCE,TRUE,https://www.journals.elsevier.com/biomaterials,https://www.elsevier.com/wps/find/journaldescription.cws_home/30392?generatepdf=true,https://perma.cc/3SRX-J3EU,LT,JEK
365,JOURNAL OF CONTROLLED RELEASE,7.877,PHARMACOLOGY & TOXICOLOGY,TRUE,https://www.journals.elsevier.com/journal-of-controlled-release,F,NA,SAH,JEK
403,ALIMENTARY PHARMACOLOGY & THERAPEUTICS,7.357,PHARMACOLOGY & TOXICOLOGY,TRUE,https://onlinelibrary.wiley.com/journal/13652036,https://onlinelibrary.wiley.com/page/journal/13652036/homepage/forauthors.html#manuscript,https://osf.io/s32u5/,TB,JEK
466,BRITISH JOURNAL OF PHARMACOLOGY,6.81,PHARMACOLOGY & TOXICOLOGY,TRUE,https://bpspubs.onlinelibrary.wiley.com/journal/14765381,https://bpspubs.onlinelibrary.wiley.com/hub/journal/14765381/author-guidelines.html#MANUSCRIPT_CATEGORIES,https://osf.io/mxj3v/,TB,TEH
498,CLINICAL PHARMACOLOGY & THERAPEUTICS,6.544,PHARMACOLOGY & TOXICOLOGY,TRUE,https://ascpt.onlinelibrary.wiley.com/journal/15326535,https://ascpt.onlinelibrary.wiley.com/page/journal/15326535/guidetoauthors#ContentTypes,https://perma.cc/Z2D6-LL8M,LT,TEH
584,Particle and Fibre Toxicology,6.105,PHARMACOLOGY & TOXICOLOGY,TRUE,https://particleandfibretoxicology.biomedcentral.com,https://particleandfibretoxicology.biomedcentral.com/submission-guidelines/preparing-your-manuscript,https://osf.io/7krdj/; https://osf.io/dcuaq/; https://osf.io/v7h3j/,LT,JEK
604,Acta Pharmaceutica Sinica B,6.014,PHARMACOLOGY & TOXICOLOGY,TRUE,https://www.journals.elsevier.com/acta-pharmaceutica-sinica-b,https://www.elsevier.com/wps/find/journaldescription.cws_home/725753?generatepdf=true,https://perma.cc/RRM2-29LX,LT,JEK
647,Nanotoxicology,5.811,PHARMACOLOGY & TOXICOLOGY,TRUE,https://www.tandfonline.com/loi/inan20,https://www.tandfonline.com/action/authorSubmission?show=instructions&journalCode=inan20#about,https://perma.cc/74KZ-4J3U,TB,RTT
662,ARCHIVES OF TOXICOLOGY,5.728,PHARMACOLOGY & TOXICOLOGY,TRUE,https://link.springer.com/journal/204,https://www.springer.com/journal/204/submission-guidelines#Instructions%20for%20Authors_Types%20of%20papers,https://perma.cc/SZ8H-QBX6,SAH,TEH
698,Expert Opinion on Drug Delivery,5.553,PHARMACOLOGY & TOXICOLOGY,TRUE,https://www.tandfonline.com/loi/iedd20,https://www.tandfonline.com/action/authorSubmission?show=instructions&journalCode=iedd20#Guidelines,https://perma.cc/75QY-MTM2,LT,JEK
717,VALUE IN HEALTH,5.494,PHARMACOLOGY & TOXICOLOGY,FALSE,https://www.valueinhealthjournal.com,https://www.elsevier.com/journals/value-in-health/1098-3015/guide-for-authors#articles,https://perma.cc/YTH7-C4RA,LT,RTT
794,JOURNAL OF ANTIMICROBIAL CHEMOTHERAPY,5.217,PHARMACOLOGY & TOXICOLOGY,TRUE,https://academic.oup.com/jac,https://academic.oup.com/jac/pages/General_Instructions#Article%20types%20and%20format,https://perma.cc/DW84-9KYY,TB,JEK
915,Therapeutic Advances in Chronic Disease,4.9,PHARMACOLOGY & TOXICOLOGY,TRUE,https://journals.sagepub.com/home/taj,https://journals.sagepub.com/author-instructions/TAJ#article-types,https://perma.cc/95UV-5CTG,LT,TEH
920,PHARMACOLOGICAL RESEARCH,4.897,PHARMACOLOGY & TOXICOLOGY,TRUE,https://www.journals.elsevier.com/pharmacological-research,https://www.elsevier.com/wps/find/journaldescription.cws_home/622931?generatepdf=true,https://perma.cc/YP3A-BWGF,LT,RTT
988,DRUGS,4.69,PHARMACOLOGY & TOXICOLOGY,TRUE,https://link.springer.com/journal/40265,https://www.springer.com/journal/40265/submission-guidelines#Instructions%20for%20Authors_Types%20of%20Papers,https://perma.cc/RDK9-YBDV,SAH,TEH
1028,EXPERT OPINION ON THERAPEUTIC TARGETS,4.598,PHARMACOLOGY & TOXICOLOGY,TRUE,https://www.tandfonline.com/loi/iett20,https://www.tandfonline.com/action/journalInformation?show=aimsScope&journalCode=iett20,https://perma.cc/P9UR-C4LA; https://perma.cc/ZFZ9-REZL,LT,JEK
8,Nature Energy,46.859,ENGINEERING,TRUE,https://www.nature.com/nenergy/,https://www.nature.com/nenergy/about/content,https://osf.io/ruvhx/; https://perma.cc/N683-JRCN?type=image,LT,RTT
198,INTERNATIONAL JOURNAL OF COMPUTER VISION,11.541,ENGINEERING,FALSE,https://link.springer.com/journal/11263,https://www.springer.com/journal/11263/aims-and-scope,https://perma.cc/7Y4A-QVJT,TB,JEK
259,IEEE TRANSACTIONS ON PATTERN ANALYSIS AND MACHINE INTELLIGENCE,9.455,ENGINEERING,FALSE,https://ieeexplore.ieee.org/xpl/RecentIssue.jsp?punumber=34,https://www.computer.org/csdl/journal/tp/write-for-us/15083?title=Author%20Information&periodical=IEEE%20Transactions%20on%20Pattern%20Analysis%20and%20Machine%20Intelligence,https://osf.io/2gp4w/,LT,TEH
279,RENEWABLE & SUSTAINABLE ENERGY REVIEWS,9.184,ENGINEERING,TRUE,https://www.journals.elsevier.com/renewable-and-sustainable-energy-reviews,https://www.elsevier.com/wps/find/journaldescription.cws_home/600126?generatepdf=true,https://perma.cc/QZU5-XZQV,SAH,RTT
285,PROCEEDINGS OF THE IEEE,9.107,ENGINEERING,FALSE,https://proceedingsoftheieee.ieee.org,https://proceedingsoftheieee.ieee.org/instructions-for-authors/,https://perma.cc/AD52-5SLX,TB,RTT
330,IEEE TRANSACTIONS ON FUZZY SYSTEMS,8.415,ENGINEERING,FALSE,https://ieeexplore.ieee.org/xpl/RecentIssue.jsp?punumber=91,https://cis.ieee.org/publications/t-fuzzy-systems/tfs-information-for-authors,https://perma.cc/2GRS-Q4B7,TB,JEK
364,APPLIED ENERGY,7.9,ENGINEERING,TRUE,https://www.journals.elsevier.com/applied-energy,https://www.elsevier.com/wps/find/journaldescription.cws_home/405891?generatepdf=true,https://perma.cc/WX39-PQH5,TB,RTT
369,Applied Mechanics Reviews,7.848,ENGINEERING,TRUE,https://asmedigitalcollection.asme.org/appliedmechanicsreviews,https://www.asme.org/wwwasmeorg/media/resourcefiles/shop/journals/asme_guide_for_journal_authors_final.pdf,https://perma.cc/3D5V-PCER,LT,RTT
400,IEEE Transactions on Smart Grid,7.365,ENGINEERING,FALSE,https://ieeexplore.ieee.org/xpl/RecentIssue.jsp?punumber=5165411,F,NA,LT,TEH
439,IEEE TRANSACTIONS ON INDUSTRIAL ELECTRONICS,7.05,ENGINEERING,FALSE,https://ieeexplore.ieee.org/xpl/RecentIssue.jsp?punumber=41,F,NA,TB,TEH
444,INTERNATIONAL JOURNAL OF ENGINEERING SCIENCE,7.023,ENGINEERING,TRUE,https://www.journals.elsevier.com/international-journal-of-engineering-science,https://www.elsevier.com/wps/find/journaldescription.cws_home/278?generatepdf=true,https://perma.cc/A7LM-DQZF,TB,JEK
465,IEEE TRANSACTIONS ON POWER ELECTRONICS,6.812,ENGINEERING,TRUE,https://ieeexplore.ieee.org/xpl/RecentIssue.jsp?punumber=63,https://www.ieee-pels.org/images/files/governing_documents/Publications/New-Guidelines-for-Manuscript-Submission-to-IEEE-TPEL.pdf,https://perma.cc/F8FQ-ASLR,TB,JEK
474,CHEMICAL ENGINEERING JOURNAL,6.735,ENGINEERING,TRUE,https://www.journals.elsevier.com/chemical-engineering-journal,https://www.elsevier.com/wps/find/journaldescription.cws_home/601273?generatepdf=true,https://perma.cc/N9YJ-CTDZ,SAH,RTT
523,PROGRESS IN PHOTOVOLTAICS,6.456,ENGINEERING,TRUE,https://onlinelibrary.wiley.com/journal/1099159x,F,NA,TB,JEK
528,JOURNAL OF HAZARDOUS MATERIALS,6.434,ENGINEERING,TRUE,https://www.journals.elsevier.com/journal-of-hazardous-materials,https://www.elsevier.com/journals/journal-of-hazardous-materials/0304-3894/guide-for-authors#2001,https://perma.cc/GDT3-PZQT,TB,TEH
37,LANCET INFECTIOUS DISEASES,25.148,IMMUNOLOGY,TRUE,https://www.thelancet.com/journals/laninf/issue/current,https://els-jbs-prod-cdn.literatumonline.com/pb/assets/raw/Lancet/authors/tlid-info-for-authors-1570012985267.pdf,https://perma.cc/JN5D-476A,SAH,JEK
59,"NATURE IMMUNOLOGY",21.809,IMMUNOLOGY,TRUE,https://www.nature.com/ni/,https://www.nature.com/ni/about/content,https://perma.cc/442R-UV2M,LT,RTT
75,IMMUNITY,19.734,IMMUNOLOGY,TRUE,https://www.sciencedirect.com/journal/immunity,https://www.cell.com/immunity/article-types,https://osf.io/49z6g/; https://osf.io/n8jds/; https://osf.io/wq3ht/; https://osf.io/ahp9f/; https://osf.io/g9yrm/; https://osf.io/wc98d/; https://osf.io/8n47w/; https://osf.io/ex7zb/,SAH,TEH
157,JOURNAL OF ALLERGY AND CLINICAL IMMUNOLOGY,13.258,IMMUNOLOGY,TRUE,https://www.jacionline.org,https://www.jacionline.org/content/authorinfo#idp1627072,https://osf.io/2jmg6/,TB,TEH
208,Lancet HIV,11.355,IMMUNOLOGY,FALSE,https://www.thelancet.com/journals/lanhiv/home,https://www.thelancet.com/what-we-publish,https://osf.io/db5nv/; https://osf.io/mze3s/,TB,RTT
215,JOURNAL OF EXPERIMENTAL MEDICINE,10.79,IMMUNOLOGY,TRUE,http://jem.rupress.org,http://jem.rupress.org/about#article,https://perma.cc/Y9SH-LTKT,LT,RTT
284,CLINICAL INFECTIOUS DISEASES,9.117,IMMUNOLOGY,TRUE,https://academic.oup.com/cid,https://academic.oup.com/cid/pages/article_types,https://perma.cc/C84U-YVMR,LT,JEK
332,Journal for ImmunoTherapy of Cancer,8.374,IMMUNOLOGY,TRUE,https://jitc.biomedcentral.com,https://jitc.biomedcentral.com/submission-guidelines,https://perma.cc/7KKM-DXKN,LT,RTT
381,JOURNAL OF AUTOIMMUNITY,7.607,IMMUNOLOGY,TRUE,https://www.journals.elsevier.com/journal-of-autoimmunity,https://www.elsevier.com/wps/find/journaldescription.cws_home/622856?generatepdf=true,https://perma.cc/LN7C-TSFR,SAH,JEK
385,Cellular & Molecular Immunology,7.551,IMMUNOLOGY,TRUE,https://www.nature.com/cmi/,https://www.nature.com/documents/cmi-gta.pdf,https://perma.cc/D3M3-TRZ3,TB,JEK
397,EMERGING INFECTIOUS DISEASES,7.422,IMMUNOLOGY,FALSE,https://wwwnc.cdc.gov/eid/,https://wwwnc.cdc.gov/eid/article-types,https://perma.cc/3L94-GU2K,TB,JEK
401,Mucosal Immunology,7.36,IMMUNOLOGY,TRUE,https://www.nature.com/mi/,https://www.nature.com/documents/mi-gta.pdf,https://perma.cc/B7JN-7SKX,TB,RTT
431,Eurosurveillance,7.127,IMMUNOLOGY,FALSE,https://www.eurosurveillance.org,https://www.eurosurveillance.org/for-authors,https://perma.cc/8N4D-F947,LT,TEH
449,Journal of Allergy and Clinical Immunology-In Practice,6.966,IMMUNOLOGY,TRUE,https://www.jaci-inpractice.org,https://www.jaci-inpractice.org/content/authorinfo#idp1454368,https://osf.io/n7edw/,TB,RTT
592,ALLERGY,6.048,IMMUNOLOGY,TRUE,https://onlinelibrary.wiley.com/journal/13989995,https://onlinelibrary.wiley.com/page/journal/13989995/homepage/forauthors.html#manuscript,https://perma.cc/AX8Z-MJCW,LT,RTT
11,"NATURE",41.577,Multidisciplinary,TRUE,https://www.nature.com,https://www.nature.com/nature/for-authors/other-subs,https://perma.cc/SK7N-VV39; https://perma.cc/HSL2-EYUZ,LT,RTT
13,SCIENCE,41.058,Multidisciplinary,TRUE,https://www.sciencemag.org,https://www.sciencemag.org/authors/science-information-authors,https://perma.cc/YQE5-RGQE,TB,RTT
176,Nature Communications,12.353,Multidisciplinary,TRUE,https://www.nature.com/ncomms/,https://www.nature.com/ncomms/submit/content-types,https://perma.cc/2ZZV-CMF8; https://perma.cc/HV3W-W5WJ,TB,TEH
199,Science Advances,11.511,Multidisciplinary,FALSE,https://advances.sciencemag.org,https://advances.sciencemag.org/content/information-authors,https://perma.cc/D5PG-N4DC; https://perma.cc/5K7H-7SLV,LT,TEH
255,PROCEEDINGS OF THE NATIONAL ACADEMY OF SCIENCES OF THE UNITED STATES OF AMERICA,9.504,Multidisciplinary,FALSE,https://www.pnas.org,https://www.pnas.org/page/authors/purpose-scope,https://perma.cc/WV5C-CH68,SAH,RTT
260,National Science Review,9.408,Multidisciplinary,TRUE,https://academic.oup.com/nsr,https://academic.oup.com/nsr/pages/Manuscript_Instructions,https://perma.cc/C4P2-PY4X,TB,TEH
262,Nanoscale Horizons,9.391,Multidisciplinary,TRUE,https://www.rsc.org/journals-books-databases/about-journals/nanoscale-horizons/,https://www.rsc.org/journals-books-databases/about-journals/nanoscale-horizons/,https://perma.cc/G5QU-8SAW,TB,JEK
413,GigaScience,7.267,Multidisciplinary,TRUE,https://academic.oup.com/gigascience,https://academic.oup.com/gigascience/pages/instructions_to_authors#Instructions%20for%20Specific%20Article%20Types,https://perma.cc/VUS9-JASU; https://perma.cc/HA74-6737,TB,TEH
770,Scientific Data,5.311,Multidisciplinary,TRUE,https://www.nature.com/sdata?gclid=EAIaIQobChMI7Jrfy6bG5QIVBM53Ch0CQATAEAAYASAAEgLDvPD_BwE,https://www.nature.com/sdata/publish/for-authors#other-formats,https://perma.cc/NS95-6EZ7,TB,RTT
1188,Journal of Advanced Research,4.327,Multidisciplinary,TRUE,https://www.journals.elsevier.com/journal-of-advanced-research,https://www.elsevier.com/journals/journal-of-advanced-research/2090-1232/guide-for-authors#2001,https://perma.cc/2H6M-WMYA,SAH,JEK
1214,Annals of the New York Academy of Sciences,4.277,Multidisciplinary,TRUE,https://nyaspubs.onlinelibrary.wiley.com/journal/17496632,https://nyaspubs.onlinelibrary.wiley.com/journal/17496632,https://perma.cc/WU3G-AXM4,LT,RTT
1298,Science Bulletin,4.136,Multidisciplinary,TRUE,https://www.journals.elsevier.com/science-bulletin,https://www.elsevier.com/journals/science-bulletin/2095-9273/guide-for-authors#2001,https://perma.cc/HX8A-QVBW,SAH,JEK
1311,Scientific Reports,4.122,Multidisciplinary,TRUE,https://www.nature.com/srep/,F,https://perma.cc/9XVE-DATH,TB,TEH
2055,Journal of the Royal Society Interface,3.355,Multidisciplinary,TRUE,https://royalsocietypublishing.org/journal/rsif,https://royalsocietypublishing.org/rsif/for-authors#question1,https://osf.io/9gn3c/,SAH,TEH
2979,PLoS One,2.766,Multidisciplinary,TRUE,https://journals.plos.org/plosone/,https://journals.plos.org/plosone/s/journal-information#loc-scope,https://perma.cc/HB5E-FXL5; https://perma.cc/JZ9B-W4ZJ,SAH,TEH
22,"NATURE MEDICINE",32.621,MOLECULAR BIOLOGY & GENETICS,TRUE,https://www.nature.com/nm/,https://www.nature.com/nm/about/content,https://osf.io/zrmjd/; https://perma.cc/QK62-DDKQ,TB,JEK
25,CELL,31.398,MOLECULAR BIOLOGY & GENETICS,TRUE,https://www.cell.com,https://www.cell.com/cell/article-types,https://osf.io/zpbhe/; https://osf.io/tk68b/; https://osf.io/h6t9x/; https://osf.io/9fhnb/; https://osf.io/52s79/; https://osf.io/8rsv9/,SAH,JEK
31,"NATURE GENETICS",27.125,MOLECULAR BIOLOGY & GENETICS,TRUE,https://www.nature.com/ng/,https://www.nature.com/ng/about/content,https://osf.io/5bvwh/; https://perma.cc/5SCB-E4JB,SAH,TEH
49,Cell Stem Cell,23.29,MOLECULAR BIOLOGY & GENETICS,FALSE,https://www.cell.com/cell-stem-cell/home,https://www.cell.com/cell-stem-cell/article-types,https://osf.io/3dfm4/; https://osf.io/qbdu6/; https://osf.io/zu3tv/; https://osf.io/82wty/; https://osf.io/gcfxa/; https://osf.io/wx3bn/; https://osf.io/udbh4/; https://osf.io/89vh6/; https://osf.io/2d4nr/; https://osf.io/fgv4p/; https://osf.io/8fve3/; https://osf.io/h9xpr/; https://osf.io/bhx6r/; https://osf.io/93fzm/; https://osf.io/8mey4/; https://osf.io/uspgm/,TB,JEK
50,CANCER CELL,22.844,MOLECULAR BIOLOGY & GENETICS,TRUE,https://www.cell.com/cancer-cell/home,https://www.cell.com/cancer-cell/article-types,https://osf.io/rjtkb/; https://osf.io/6w5tz/; https://osf.io/h7u4w/; https://osf.io/hqbak/; https://osf.io/9zgbe/; https://osf.io/dw7jc/,TB,JEK
67,Cell Metabolism,20.565,MOLECULAR BIOLOGY & GENETICS,TRUE,https://www.cell.com/cell-metabolism/home,https://www.cell.com/cell-metabolism/article-types,https://osf.io/k9y5a/; https://osf.io/4ntes/; https://osf.io/7eytb/; https://osf.io/t5pe9/; https://osf.io/zkdhb/; https://osf.io/htaf8/; https://osf.io/qbnhg/; https://osf.io/5x4rf/; https://osf.io/msbu9/; https://osf.io/gdn85/,LT,JEK
80,"NATURE CELL BIOLOGY",19.064,MOLECULAR BIOLOGY & GENETICS,TRUE,https://www.nature.com/ncb/,https://www.nature.com/ncb/about/content,https://osf.io/z26uc/,LT,TEH
108,CELL RESEARCH,15.393,MOLECULAR BIOLOGY & GENETICS,TRUE,https://www.nature.com/cr/,https://www.nature.com/documents/cr-gta.pdf,https://perma.cc/C4AC-XBQK,SAH,TEH
130,MOLECULAR CELL,14.248,MOLECULAR BIOLOGY & GENETICS,TRUE,https://www.cell.com/molecular-cell/home,https://www.cell.com/molecular-cell/article-types,https://osf.io/ehwfk/; https://osf.io/8uesw/; https://osf.io/chb6m/; https://osf.io/m2t8g/; https://osf.io/ehkpj/; https://osf.io/zmqku/; https://osf.io/bvnuj/; https://osf.io/sf78j/; https://osf.io/2wznb/; https://osf.io/yxzm5/; https://osf.io/p2tqd/;,LT,JEK
161,GENOME BIOLOGY,13.214,MOLECULAR BIOLOGY & GENETICS,TRUE,https://genomebiology.biomedcentral.com,https://genomebiology.biomedcentral.com/submission-guidelines,https://perma.cc/AN3Z-92SP,LT,JEK
211,Autophagy,11.1,MOLECULAR BIOLOGY & GENETICS,FALSE,https://www.tandfonline.com/loi/kaup20,https://www.tandfonline.com/action/authorSubmission?show=instructions&journalCode=kaup20,https://perma.cc/3XNM-Y5WF,SAH,TEH
222,EMBO JOURNAL,10.557,MOLECULAR BIOLOGY & GENETICS,TRUE,https://www.embopress.org/journal/14602075,https://www.embopress.org/page/journal/14602075/authorguide#articletypes,https://osf.io/29mek/,LT,RTT
231,MOLECULAR BIOLOGY AND EVOLUTION,10.217,MOLECULAR BIOLOGY & GENETICS,TRUE,https://academic.oup.com/mbe,https://academic.oup.com/mbe/pages/manuscript_types,https://perma.cc/QQ3W-27EK,SAH,TEH
247,DEVELOPMENTAL CELL,9.616,MOLECULAR BIOLOGY & GENETICS,TRUE,https://www.cell.com/developmental-cell/home,https://www.cell.com/developmental-cell/article-types,https://osf.io/r65uj/; https://osf.io/g7z4e/; https://osf.io/jq7se/; https://osf.io/f3jsm/; https://osf.io/rm2kt/; https://osf.io/yscp7/; https://osf.io/k642t/,SAH,JEK
258,GENES & DEVELOPMENT,9.462,MOLECULAR BIOLOGY & GENETICS,FALSE,http://genesdev.cshlp.org,http://genesdev.cshlp.org/site/misc/ifora.xhtml,https://perma.cc/5UPB-H9GW; https://perma.cc/H7PF-R9SD,SAH,RTT
23,Nature Photonics,32.521,PHYSICS,TRUE,https://www.nature.com/nphoton/,https://www.nature.com/nphoton/about/content,https://osf.io/mv579/; https://perma.cc/4BYH-PTWF,SAH,TEH
54,Nature Physics,22.727,PHYSICS,TRUE,https://www.nature.com/nphys/,https://www.nature.com/nphys/about/content,https://osf.io/w9aq2/; https://perma.cc/A7QQ-JN5K,TB,TEH
61,Advances in Optics and Photonics,21.286,PHYSICS,TRUE,https://www.osapublishing.org/aop/home.cfm,https://www.osapublishing.org/aop/submit/review/general_policies.cfm#comments,https://perma.cc/7E3T-VX42,LT,TEH
125,Physical Review X,14.385,PHYSICS,TRUE,https://journals.aps.org/prx/,https://journals.aps.org/prx/authors,https://perma.cc/6QC6-BW2R,SAH,JEK
145,Light-Science & Applications,13.625,PHYSICS,TRUE,https://www.nature.com/lsa/,https://www.nature.com/documents/lsa-gta.pdf,https://perma.cc/D47W-D6JZ,SAH,RTT
166,Applied Physics Reviews,12.894,PHYSICS,TRUE,https://aip.scitation.org/journal/are,https://aip.scitation.org/are/info/focus,https://perma.cc/2WKH-U88M,TB,RTT
173,Advanced Science,12.441,PHYSICS,FALSE,https://onlinelibrary.wiley.com/journal/21983844,https://onlinelibrary.wiley.com/pb-assets/assets/21983844/2749_Guide_for_Authors_ADVS-1561969175230.pdf,https://perma.cc/J87W-X6GM,TB,TEH
183,"NANO LETTERS",12.08,PHYSICS,TRUE,https://pubs.acs.org/journal/nalefd,http://pubsapp.acs.org/paragonplus/submission/nalefd/nalefd_authguide.pdf?,https://perma.cc/48L2-JLLH,SAH,RTT
275,npj Quantum Information,9.206,PHYSICS,TRUE,https://www.nature.com/npjqi/,https://www.nature.com/npjqi/about/content-types,https://perma.cc/5R57-2F49; https://perma.cc/894Z-LD32,SAH,JEK
321,Laser & Photonics Reviews,8.529,PHYSICS,FALSE,https://onlinelibrary.wiley.com/journal/18638899,https://onlinelibrary.wiley.com/pb-assets/assets/18638899/LPR_Instructions_to_Authors-1510014605000.pdf,https://perma.cc/42RG-AX67,SAH,RTT
357,Nano Research,7.994,PHYSICS,TRUE,https://link.springer.com/journal/12274,F,NA,LT,TEH
387,Optica,7.536,PHYSICS,TRUE,https://www.osapublishing.org/optica/home.cfm,https://www.osapublishing.org/optica/submit/review/general_policies.cfm#comments,https://perma.cc/3E7K-VH3F,LT,JEK
415,Nanoscale,7.233,PHYSICS,TRUE,https://www.rsc.org/journals-books-databases/about-journals/nanoscale/,https://www.rsc.org/journals-books-databases/about-journals/nanoscale/,https://perma.cc/TX8R-A8XU,SAH,JEK
455,ACS Photonics,6.88,PHYSICS,TRUE,https://pubs.acs.org/journal/apchd5,http://pubsapp.acs.org/paragonplus/submission/apchd5/apchd5_authguide.pdf?,https://perma.cc/MZ2M-TUFL,SAH,TEH
604,Nanophotonics,6.014,PHYSICS,FALSE,https://www.degruyter.com/view/j/nanoph?lang=en,https://www.degruyter.com/view/supplement/s21928614_Instructions_for_Authors.pdf,https://perma.cc/P3RS-6YEB,LT,JEK
19,"NATURE BIOTECHNOLOGY",35.724,BIOLOGY & BIOCHEMISTRY,TRUE,https://www.nature.com/nbt/,https://www.nature.com/nbt/about/content,https://osf.io/y8jha/; https://perma.cc/8CVN-VLWU,LT,RTT
32,"NATURE METHODS",26.919,BIOLOGY & BIOCHEMISTRY,TRUE,https://www.nature.com/nmeth/,https://www.nature.com/nmeth/about/content,https://osf.io/rvuxd/; https://osf.io/qa56g/,TB,JEK
94,Science Translational Medicine,16.71,BIOLOGY & BIOCHEMISTRY,FALSE,https://stm.sciencemag.org,https://stm.sciencemag.org/content/information-authors#categories-of-manuscripts,https://perma.cc/H5Q3-RJTP,SAH,RTT
140,Nature Chemical Biology,13.843,BIOLOGY & BIOCHEMISTRY,TRUE,https://www.nature.com/nchembio/,https://www.nature.com/nchembio/about/content,https://perma.cc/X628-SXSW; https://perma.cc/XU7U-2KWB,TB,JEK
152,"NATURE STRUCTURAL & MOLECULAR BIOLOGY",13.333,BIOLOGY & BIOCHEMISTRY,TRUE,https://www.nature.com/nsmb/,https://www.nature.com/nsmb/about/content,https://osf.io/mrt9d/; https://perma.cc/5C85-WBD2?type=image,SAH,RTT
174,Nature Protocols,12.423,BIOLOGY & BIOCHEMISTRY,TRUE,https://www.nature.com/nprot/,https://www.nature.com/nprot/about/content-types,https://perma.cc/5TZ3-AAY5; https://perma.cc/38J6-MFYK,SAH,RTT
175,Bone Research,12.354,BIOLOGY & BIOCHEMISTRY,TRUE,https://www.nature.com/boneres/,https://www.nature.com/documents/boneres-gta.pdf,https://perma.cc/S6VM-GNG9,TB,TEH
195,JOURNAL OF PINEAL RESEARCH,11.613,BIOLOGY & BIOCHEMISTRY,TRUE,https://onlinelibrary.wiley.com/journal/1600079x,https://onlinelibrary.wiley.com/page/journal/1600079x/homepage/forauthors.html#Man,https://perma.cc/52AU-7N3H,LT,JEK
197,NUCLEIC ACIDS RESEARCH,11.561,BIOLOGY & BIOCHEMISTRY,TRUE,https://academic.oup.com/nar,https://academic.oup.com/nar/pages/Criteria_Scope,https://perma.cc/V9XS-JLXR,TB,RTT
272,CURRENT BIOLOGY,9.251,BIOLOGY & BIOCHEMISTRY,TRUE,https://www.cell.com/current-biology/home,https://www.cell.com/current-biology/article-types,https://osf.io/4prgt/; https://osf.io/23rv7/; https://osf.io/epzjb/,TB,TEH
280,PLOS BIOLOGY,9.163,BIOLOGY & BIOCHEMISTRY,TRUE,https://journals.plos.org/plosbiology/,https://journals.plos.org/plosbiology/s/submission-guidelines,https://perma.cc/FF8N-2V3R; https://perma.cc/9FX8-3ZML; https://perma.cc/AT3E-DSGW,SAH,RTT
292,Cell Systems,8.982,BIOLOGY & BIOCHEMISTRY,FALSE,https://www.cell.com/cell-systems/home,https://www.cell.com/cell-systems/article-types,https://osf.io/3zv65/; https://osf.io/37bdf/; https://osf.io/s5yx9/; https://osf.io/qsa73/; https://osf.io/skrbd/; https://osf.io/shu2v/; https://osf.io/p6y5v/,SAH,RTT
345,MATRIX BIOLOGY,8.136,BIOLOGY & BIOCHEMISTRY,TRUE,https://www.journals.elsevier.com/matrix-biology,https://www.elsevier.com/journals/matrix-biology/0945-053X/guide-for-authors#2001,https://perma.cc/J576-DC2U,TB,TEH
376,METABOLIC ENGINEERING,7.674,BIOLOGY & BIOCHEMISTRY,TRUE,https://www.journals.elsevier.com/metabolic-engineering,https://www.elsevier.com/journals/metabolic-engineering/1096-7176/guide-for-authors#,https://perma.cc/9257-SZVM,TB,RTT
380,eLife,7.616,BIOLOGY & BIOCHEMISTRY,TRUE,https://elifesciences.org/?gclid=EAIaIQobChMIs9fAg-jG5QIVBuR3Ch0Jsgt2EAAYASAAEgITQPD_BwE,https://submit.elifesciences.org/html/elife_author_instructions.html#types,https://perma.cc/XJ62-JVBD,SAH,JEK
30,LANCET NEUROLOGY,27.144,NEUROSCIENCE & BEHAVIOR,TRUE,https://www.thelancet.com/journals/laneur/issue/current,https://els-jbs-prod-cdn.literatumonline.com/pb/assets/raw/Lancet/authors/tlid-info-for-authors-1570012985267.pdf,https://perma.cc/4GTC-TPB2,SAH,RTT
73,"NATURE NEUROSCIENCE",19.912,NEUROSCIENCE & BEHAVIOR,TRUE,https://www.nature.com/neuro/,https://www.nature.com/neuro/about/content,https://perma.cc/9E36-VUMZ; https://perma.cc/B3WH-N6X8,LT,JEK
101,ACTA NEUROPATHOLOGICA,15.876,NEUROSCIENCE & BEHAVIOR,TRUE,https://www.springer.com/journal/401,https://www.springer.com/journal/401/submission-guidelines#Instructions%20for%20Authors_Types%20of%20papers,https://perma.cc/PB8S-SCS2,TB,JEK
128,NEURON,14.319,NEUROSCIENCE & BEHAVIOR,TRUE,https://www.cell.com/neuron/home,https://www.cell.com/neuron/article-types,https://osf.io/v957s/; https://osf.io/a3mbk/; https://osf.io/avcuy/; https://osf.io/aqujy/; https://osf.io/y8qfj/; https://osf.io/nj7de/; https://osf.io/74shg/; https://osf.io/fkdpr/; https://osf.io/8g4jb/; https://osf.io/kzpv4/;,LT,RTT
133,PROGRESS IN NEUROBIOLOGY,14.163,NEUROSCIENCE & BEHAVIOR,FALSE,https://www.journals.elsevier.com/progress-in-neurobiology,https://www.elsevier.com/wps/find/journaldescription.cws_home/412?generatepdf=true,https://perma.cc/3HXX-NPPU,TB,TEH
170,Alzheimers & Dementia,12.764,NEUROSCIENCE & BEHAVIOR,TRUE,https://www.alzheimersanddementia.com,https://www.alzheimersanddementia.com/content/AuthorInformation#idp1445696,https://osf.io/zv839/,TB,TEH
184,BIOLOGICAL PSYCHIATRY,11.984,NEUROSCIENCE & BEHAVIOR,TRUE,https://www.biologicalpsychiatryjournal.com,https://www.biologicalpsychiatryjournal.com/article/S0006-3223(11)01243-1/abstract,https://osf.io/7rgc4/,TB,RTT
192,MOLECULAR PSYCHIATRY,11.64,NEUROSCIENCE & BEHAVIOR,TRUE,https://www.nature.com/mp/,https://www.nature.com/documents/mp-gta.pdf,https://perma.cc/J9JW-KMMG,TB,JEK
201,JAMA Neurology,11.46,NEUROSCIENCE & BEHAVIOR,FALSE,https://jamanetwork.com/journals/jamaneurology,https://jamanetwork.com/journals/jamaneurology/pages/instructions-for-authors#,https://perma.cc/V2L4-KU3M; https://web.archive.org/web/20200329092114/https://jamanetwork.com/pages/commenting-policy,SAH,TEH
214,BRAIN,10.848,NEUROSCIENCE & BEHAVIOR,TRUE,https://academic.oup.com/brain,https://academic.oup.com/brain/pages/General_Instructions,https://perma.cc/EE4R-ZEL9,SAH,RTT
228,ANNALS OF NEUROLOGY,10.25,NEUROSCIENCE & BEHAVIOR,TRUE,https://onlinelibrary.wiley.com/journal/15318249,https://onlinelibrary.wiley.com/page/journal/15318249/homepage/forauthors.html,https://osf.io/ux6b2/,TB,TEH
263,NEURO-ONCOLOGY,9.384,NEUROSCIENCE & BEHAVIOR,TRUE,https://academic.oup.com/neuro-oncology,https://academic.oup.com/neuro-oncology/pages/General_Instructions#Types%20of%20Articles%20Published,https://perma.cc/VKK8-WCBY,SAH,JEK
335,MOVEMENT DISORDERS,8.324,NEUROSCIENCE & BEHAVIOR,TRUE,https://onlinelibrary.wiley.com/journal/15318257,https://onlinelibrary.wiley.com/page/journal/15318257/homepage/forauthors.html,https://perma.cc/4KU5-4H5X,SAH,JEK
338,Translational Stroke Research,8.266,NEUROSCIENCE & BEHAVIOR,TRUE,https://link.springer.com/journal/12975,https://www.springer.com/journal/12975/submission-guidelines#Instructions%20for%20Authors_Types%20of%20papers,https://perma.cc/2W85-9LSL,LT,JEK
353,NEUROLOGY,8.055,NEUROSCIENCE & BEHAVIOR,TRUE,https://www.neurology.org/,https://www.neurology.org/neurology-journals-manuscript-classifications/neuro,https://perma.cc/2PAS-ZFWE,LT,TEH
87,Cell Host & Microbe,17.872,MICROBIOLOGY,TRUE,https://www.cell.com/cell-host-microbe/home,https://www.cell.com/cell-host-microbe/article-types,https://osf.io/6smh3/; https://osf.io/5yh7r/; https://osf.io/4ecd5/; https://osf.io/u8dzy/; https://osf.io/9nruh/; https://osf.io/3arj9/; https://osf.io/4xja7/; https://osf.io/9gy8q/; https://osf.io/vmyzr/; https://osf.io/xk4e2/; https://osf.io/dqawb/; https://osf.io/ke92n/; https://osf.io/4zvgm/,LT,RTT
132,Nature Microbiology,14.174,MICROBIOLOGY,TRUE,https://www.nature.com/nmicrobiol/,https://www.nature.com/nmicrobiol/about/content,https://perma.cc/UD8N-2LAM; https://perma.cc/4ELM-8WK4,LT,TEH
254,ISME Journal,9.52,MICROBIOLOGY,TRUE,https://www.nature.com/ismej/,https://www.nature.com/ismej/authors-and-referees/gta,https://perma.cc/66QL-JMWK,TB,RTT
282,Microbiome,9.133,MICROBIOLOGY,TRUE,https://microbiomejournal.biomedcentral.com,https://microbiomejournal.biomedcentral.com/submission-guidelines,https://perma.cc/J28P-FD7A,TB,RTT
479,mBio,6.689,MICROBIOLOGY,FALSE,https://mbio.asm.org,https://mbio.asm.org/sites/default/files/additional-assets/mbio-ITA.pdf,https://perma.cc/Q9LU-WZA4,SAH,JEK
570,PLoS Pathogens,6.158,MICROBIOLOGY,TRUE,https://journals.plos.org/plospathogens/,https://journals.plos.org/plospathogens/s/journal-information#loc-scope,https://perma.cc/KG6H-4DED; https://perma.cc/A52W-WYXH,LT,TEH
599,Emerging Microbes & Infections,6.032,MICROBIOLOGY,TRUE,https://www.tandfonline.com/loi/temi20,https://www.tandfonline.com/loi/temi20,https://perma.cc/C5BV-EDDV,LT,JEK
657,mSystems,5.75,MICROBIOLOGY,TRUE,https://msystems.asm.org,https://msystems.asm.org/content/getting-started,https://perma.cc/N8YH-F4L2; https://perma.cc/75WN-4BMB; https://perma.cc/UM4C-SD95,SAH,TEH
1111,Journal of Oral Microbiology,4.444,MICROBIOLOGY,TRUE,https://www.tandfonline.com/loi/zjom20,https://www.tandfonline.com/action/journalInformation?show=aimsScope&journalCode=zjom20,https://perma.cc/W8EK-U798,LT,JEK
1131,CELLULAR MICROBIOLOGY,4.41,MICROBIOLOGY,TRUE,https://onlinelibrary.wiley.com/journal/14625822,https://onlinelibrary.wiley.com/page/journal/14625822/homepage/forauthors.html,https://osf.io/ay7r9/; https://osf.io/ay7r9/,LT,TEH
1165,JOURNAL OF VIROLOGY,4.368,MICROBIOLOGY,TRUE,https://jvi.asm.org,https://jvi.asm.org/content/organization-and-format#research-articles,https://perma.cc/EDZ4-LJGT,TB,JEK
1307,npj Biofilms and Microbiomes,4.128,MICROBIOLOGY,TRUE,https://www.nature.com/npjbiofilms/,https://www.nature.com/npjbiofilms/about/content-types,https://perma.cc/643R-VCM9; https://perma.cc/SM5X-PMN3?type=image,TB,JEK
1350,JOURNAL OF CLINICAL MICROBIOLOGY,4.054,MICROBIOLOGY,TRUE,https://jcm.asm.org,https://jcm.asm.org/content/submit-manuscript,https://perma.cc/5AX4-XHKD; https://perma.cc/UBM2-48AT,SAH,RTT
1378,Frontiers in Microbiology,4.019,MICROBIOLOGY,TRUE,https://www.frontiersin.org/journals/microbiology,https://www.frontiersin.org/journals/microbiology#article-types,https://perma.cc/L3VU-J35Y,TB,RTT
1471,Microbial Biotechnology,3.913,MICROBIOLOGY,TRUE,https://sfamjournals.onlinelibrary.wiley.com/journal/17517915,https://sfamjournals.onlinelibrary.wiley.com/hub/journal/17517915/homepage/forauthors.html,https://perma.cc/XN2B-7F8G,TB,TEH
319,ASTROPHYSICAL JOURNAL SUPPLEMENT SERIES,8.561,SPACE SCIENCE,FALSE,https://iopscience.iop.org/journal/0067-0049,F,NA,LT,RTT
485,Astrophysical Journal Letters,6.634,SPACE SCIENCE,FALSE,https://iopscience.iop.org/journal/2041-8205,F,NA,TB,TEH
507,Physics of the Dark Universe,6.509,SPACE SCIENCE,FALSE,https://www.journals.elsevier.com/physics-of-the-dark-universe,https://www.elsevier.com/journals/physics-of-the-dark-universe/2212-6864/guide-for-authors#2001,https://perma.cc/3YTW-S4B6,TB,JEK
694,ASTRONOMY & ASTROPHYSICS,5.565,SPACE SCIENCE,FALSE,https://www.aanda.org,https://www.aanda.org/for-authors/author-information/paper-organization#Manuscript_categories,https://perma.cc/S7F5-GTWZ,TB,JEK
699,ASTROPHYSICAL JOURNAL,5.551,SPACE SCIENCE,FALSE,https://iopscience.iop.org/journal/0004-637X,F,NA,LT,TEH
800,MONTHLY NOTICES OF THE ROYAL ASTRONOMICAL SOCIETY,5.194,SPACE SCIENCE,TRUE,https://academic.oup.com/mnras,https://academic.oup.com/mnras/pages/General_Instructions,https://perma.cc/A9LQ-T2RW,SAH,RTT
824,JOURNAL OF COSMOLOGY AND ASTROPARTICLE PHYSICS,5.126,SPACE SCIENCE,FALSE,https://iopscience.iop.org/journal/1475-7516,https://publishingsupport.iopscience.iop.org/authoring-for-journals/?step=2,https://osf.io/67fjd/,TB,RTT
1016,PUBLICATIONS OF THE ASTRONOMICAL SOCIETY OF AUSTRALIA,4.63,SPACE SCIENCE,TRUE,https://www.cambridge.org/core/journals/publications-of-the-astronomical-society-of-australia,https://www.cambridge.org/core/journals/publications-of-the-astronomical-society-of-australia/information/instructions-contributors#manuscripttype,https://perma.cc/X8YS-H4J2,LT,TEH
1291,ASTRONOMICAL JOURNAL,4.15,SPACE SCIENCE,FALSE,https://iopscience.iop.org/journal/1538-3881,F,NA,LT,JEK
1695,ACTA ASTRONOMICA,3.667,SPACE SCIENCE,FALSE,http://acta.astrouw.edu.pl,F,NA,LT,RTT
1759,ASTROBIOLOGY,3.61,SPACE SCIENCE,FALSE,https://home.liebertpub.com/publications/astrobiology/99,https://home.liebertpub.com/publications/astrobiology/99/for-authors,https://perma.cc/3YY5-F67Y,SAH,RTT
1822,JOURNAL OF GEOPHYSICAL RESEARCH-PLANETS,3.544,SPACE SCIENCE,FALSE,https://agupubs.onlinelibrary.wiley.com/journal/21699100,https://publications.agu.org/author-resource-center/paper-types/,https://osf.io/zshbu/; https://osf.io/q23eg/; https://osf.io/g8es5/; https://osf.io/hczq7/; https://osf.io/h2d5q/; https://osf.io/fsxeu/,TB,TEH
1993,PUBLICATIONS OF THE ASTRONOMICAL SOCIETY OF THE PACIFIC,3.409,SPACE SCIENCE,TRUE,https://iopscience.iop.org/journal/1538-3873,https://iopscience.iop.org/journal/1538-3873/page/about-the-journal#types,https://perma.cc/D7H2-YTWN,TB,TEH
2265,ASTROPARTICLE PHYSICS,3.203,SPACE SCIENCE,TRUE,https://www.journals.elsevier.com/astroparticle-physics,https://www.elsevier.com/wps/find/journaldescription.cws_home/523319?generatepdf=true,https://perma.cc/937Z-TS8W,SAH,RTT
2602,ICARUS,2.981,SPACE SCIENCE,TRUE,https://www.journals.elsevier.com/icarus,https://www.elsevier.com/journals/icarus/0019-1035/guide-for-authors#2001,https://perma.cc/A525-ZUP2,TB,JEK
53,Journal of Statistical Software,22.737,COMPUTER SCIENCE,FALSE,https://www.jstatsoft.org/index,https://www.jstatsoft.org/pages/view/mission#types-of-papers,https://perma.cc/TU52-6KLN,LT,JEK
277,IEEE WIRELESS COMMUNICATIONS,9.202,COMPUTER SCIENCE,FALSE,https://ieeexplore.ieee.org/xpl/RecentIssue.jsp?punumber=7742,https://www.comsoc.org/publications/magazines/ieee-wireless-communications/paper-submission,NA,LT,JEK
303,IEEE Transactions on Cybernetics,8.803,COMPUTER SCIENCE,FALSE,https://ieeexplore.ieee.org/xpl/RecentIssue.jsp?punumber=6221036,http://www.ieeesmc.org/publications/transactions-on-cybernetics/information-for-authors,https://perma.cc/63UH-D3QE,LT,TEH
347,IEEE TRANSACTIONS ON EVOLUTIONARY COMPUTATION,8.124,COMPUTER SCIENCE,FALSE,https://ieeexplore.ieee.org/xpl/RecentIssue.jsp?punumber=4235,https://cis.ieee.org/publications/t-evolutionary-computation/tevc-information-for-authors,https://perma.cc/Q4HP-BHW9,SAH,JEK
358,IEEE Transactions on Neural Networks and Learning Systems,7.982,COMPUTER SCIENCE,FALSE,https://ieeexplore.ieee.org/xpl/RecentIssue.jsp?punumber=5962385,https://cis.ieee.org/publications/t-neural-networks-and-learning-systems/tnnls-information-for-authors,https://perma.cc/USR9-R95J,SAH,RTT
363,IEEE Transactions on Cloud Computing,7.928,COMPUTER SCIENCE,FALSE,https://ieeexplore.ieee.org/xpl/RecentIssue.jsp?punumber=6245519,https://www.computer.org/csdl/journal/cc/write-for-us/15064,https://osf.io/fsqm2/,LT,JEK
424,NEURAL NETWORKS,7.197,COMPUTER SCIENCE,TRUE,https://www.journals.elsevier.com/neural-networks,https://www.elsevier.com/journals/neural-networks/0893-6080/guide-for-authors,https://perma.cc/2EVH-ZN7S,LT,JEK
428,IEEE JOURNAL ON SELECTED AREAS IN COMMUNICATIONS,7.172,COMPUTER SCIENCE,FALSE,https://ieeexplore.ieee.org/xpl/RecentIssue.jsp?punumber=49,F,NA,SAH,RTT
483,Information Fusion,6.639,COMPUTER SCIENCE,TRUE,https://www.journals.elsevier.com/information-fusion,https://www.elsevier.com/wps/find/journaldescription.cws_home/620862?generatepdf=true,https://perma.cc/XVH8-P9L8,SAH,RTT
489,IEEE Computational Intelligence Magazine,6.611,COMPUTER SCIENCE,FALSE,https://ieeexplore.ieee.org/xpl/RecentIssue.jsp?punumber=10207,https://cis.ieee.org/publications/ci-magazine/cim-information-for-authors?highlight=WyJpbmZvcm1hdGlvbiIsImFib3V0IiwiYXV0aG9ycyIsImF1dGhvcnMnIiwiaW5mb3JtYXRpb24gYWJvdXQiXQ==,https://perma.cc/9EN5-5MSG,LT,RTT
628,IEEE TRANSACTIONS ON WIRELESS COMMUNICATIONS,5.888,COMPUTER SCIENCE,FALSE,https://www.comsoc.org/publications/journals/ieee-twc,https://www.comsoc.org/publications/journals/ieee-twc/submit-manuscript,https://perma.cc/2MZT-TC7D,SAH,RTT
633,IEEE Internet of Things Journal,5.874,COMPUTER SCIENCE,FALSE,http://ieee-iotj.org,F,NA,LT,RTT
646,IEEE Transactions on Information Forensics and Security,5.824,COMPUTER SCIENCE,FALSE,https://ieeexplore.ieee.org/xpl/RecentIssue.jsp?punumber=10206,https://signalprocessingsociety.org/publications-resources/information-authors,https://perma.cc/V583-5PA5,SAH,TEH
754,MEDICAL IMAGE ANALYSIS,5.356,COMPUTER SCIENCE,TRUE,https://www.journals.elsevier.com/medical-image-analysis,F,NA,SAH,TEH
998,IEEE TRANSACTIONS ON COMMUNICATIONS,4.671,COMPUTER SCIENCE,FALSE,https://ieeexplore.ieee.org/xpl/aboutJournal.jsp?punumber=26,https://www.comsoc.org/publications/journals/ieee-tcom/ieee-transactions-communications-information-authors,https://perma.cc/A4TK-T69N,LT,RTT
137,FUNGAL DIVERSITY,14.078,PLANT & ANIMAL SCIENCE,TRUE,https://link.springer.com/journal/13225,F,NA,SAH,TEH
193,STUDIES IN MYCOLOGY,11.633,PLANT & ANIMAL SCIENCE,TRUE,https://www.journals.elsevier.com/studies-in-mycology,F,NA,SAH,JEK
200,Nature Plants,11.471,PLANT & ANIMAL SCIENCE,TRUE,https://www.nature.com/nplants/,https://www.nature.com/nplants/about/content,https://perma.cc/SW86-G4Q7; https://perma.cc/83ER-J2SX,LT,TEH
266,Molecular Plant,9.326,PLANT & ANIMAL SCIENCE,TRUE,https://www.cell.com/molecular-plant/home,https://www.cell.com/molecular-plant/authors,https://osf.io/c5vay/,LT,TEH
340,PLANT CELL,8.228,PLANT & ANIMAL SCIENCE,TRUE,http://www.plantcell.org,https://tpc.msubmit.net/cgi-bin/main.plex?form_type=display_auth_instructions,https://perma.cc/MKY5-E9H5?type=image,LT,RTT
343,PERSOONIA,8.182,PLANT & ANIMAL SCIENCE,FALSE,http://www.persoonia.org,F,NA,SAH,RTT
395,NEW PHYTOLOGIST,7.433,PLANT & ANIMAL SCIENCE,TRUE,https://nph.onlinelibrary.wiley.com/journal/14698137,https://nph.onlinelibrary.wiley.com/hub/journal/14698137/about/author-guidelines,https://osf.io/stkqw/,LT,RTT
547,PLANT BIOTECHNOLOGY JOURNAL,6.305,PLANT & ANIMAL SCIENCE,TRUE,https://onlinelibrary.wiley.com/journal/14677652,https://onlinelibrary.wiley.com/page/journal/14677652/homepage/forauthors.html#aimsandscope,https://osf.io/j5p8h/,LT,JEK
618,PLANT PHYSIOLOGY,5.949,PLANT & ANIMAL SCIENCE,TRUE,http://www.plantphysiol.org,https://pphys.msubmit.net/cgi-bin/main.plex?form_type=display_auth_instructions,https://osf.io/euyh3/,TB,TEH
631,CLADISTICS,5.877,PLANT & ANIMAL SCIENCE,TRUE,https://onlinelibrary.wiley.com/journal/10960031,https://onlinelibrary.wiley.com/page/journal/10960031/homepage/forauthors.html,https://perma.cc/QCT7-DUAJ,LT,JEK
653,PLANT JOURNAL,5.775,PLANT & ANIMAL SCIENCE,TRUE,https://onlinelibrary.wiley.com/journal/1365313x,https://onlinelibrary.wiley.com/page/journal/1365313x/homepage/forauthors.html,https://perma.cc/Z7WM-GJUX,SAH,JEK
739,PLANT CELL AND ENVIRONMENT,5.415,PLANT & ANIMAL SCIENCE,TRUE,https://onlinelibrary.wiley.com/journal/13653040,https://onlinelibrary.wiley.com/page/journal/13653040/homepage/forauthors.html#Manu,https://perma.cc/ALS5-WF4B,SAH,RTT
756,JOURNAL OF EXPERIMENTAL BOTANY,5.354,PLANT & ANIMAL SCIENCE,TRUE,https://academic.oup.com/jxb,https://academic.oup.com/jxb/pages/General_Instructions,https://perma.cc/8FF8-GBBH,TB,TEH
955,WILDLIFE MONOGRAPHS,4.8,PLANT & ANIMAL SCIENCE,TRUE,https://wildlife.onlinelibrary.wiley.com/journal/19385455,F,NA,SAH,TEH
985,Evolutionary Applications,4.694,PLANT & ANIMAL SCIENCE,TRUE,https://onlinelibrary.wiley.com/journal/17524571,https://onlinelibrary.wiley.com/page/journal/17524571/homepage/forauthors.html#MANUSCRIPT,https://perma.cc/5B7Y-SYTX,TB,RTT
124,Nature Geoscience,14.391,GEOSCIENCES,TRUE,https://www.nature.com/ngeo/,https://www.nature.com/ngeo/about/content,https://perma.cc/HW2B-QNGR; https://perma.cc/BYM7-Z3HV,SAH,TEH
305,Earth System Science Data,8.792,GEOSCIENCES,TRUE,https://www.earth-system-science-data.net,https://www.earth-system-science-data.net/about/manuscript_types.html,https://perma.cc/98DR-XNBN,SAH,JEK
371,BULLETIN OF THE AMERICAN METEOROLOGICAL SOCIETY,7.804,GEOSCIENCES,FALSE,https://www.ametsoc.org/index.cfm/ams/publications/bulletin-of-the-american-meteorological-society-bams/,https://www.ametsoc.org/ams/index.cfm/publications/authors/journal-and-bams-authors/choosing-a-journal-and-submission-type/,https://perma.cc/GSR9-MEJ2,LT,RTT
522,REMOTE SENSING OF ENVIRONMENT,6.457,GEOSCIENCES,TRUE,https://www.journals.elsevier.com/remote-sensing-of-environment,https://www.elsevier.com/journals/remote-sensing-of-environment/0034-4257/guide-for-authors,https://perma.cc/5KE6-9TTK,LT,TEH
612,ISPRS JOURNAL OF PHOTOGRAMMETRY AND REMOTE SENSING,5.994,GEOSCIENCES,TRUE,https://www.journals.elsevier.com/isprs-journal-of-photogrammetry-and-remote-sensing,https://www.elsevier.com/journals/isprs-journal-of-photogrammetry-and-remote-sensing/0924-2716/guide-for-authors,https://perma.cc/T8MY-PXYK,SAH,RTT
677,GONDWANA RESEARCH,5.657,GEOSCIENCES,TRUE,https://www.journals.elsevier.com/gondwana-research,https://www.elsevier.com/journals/gondwana-research/1342-937x/guide-for-authors#2001,https://perma.cc/6WKF-L3BA,LT,RTT
710,ATMOSPHERIC CHEMISTRY AND PHYSICS,5.509,GEOSCIENCES,TRUE,https://www.atmospheric-chemistry-and-physics.net,https://www.atmospheric-chemistry-and-physics.net/about/manuscript_types.html,https://perma.cc/4QZP-T46B,SAH,JEK
842,GEOLOGY,5.073,GEOSCIENCES,FALSE,https://pubs.geoscienceworld.org/geology,http://www.geosociety.org/GSA/Publications/Journals/Geology/GSA/Pubs/geology/home.aspx,https://perma.cc/7KAY-JWSG,SAH,JEK
863,JOURNAL OF THE METEOROLOGICAL SOCIETY OF JAPAN,5.023,GEOSCIENCES,FALSE,https://jmsj.metsoc.jp,http://jmsj.metsoc.jp/GuideforAuthors.pdf,https://perma.cc/S3L6-KPBH,TB,TEH
977,GPS SOLUTIONS,4.727,GEOSCIENCES,TRUE,https://link.springer.com/journal/10291,F,NA,LT,JEK
988,GEOCHIMICA ET COSMOCHIMICA ACTA,4.69,GEOSCIENCES,TRUE,https://www.sciencedirect.com/journal/geochimica-et-cosmochimica-acta,https://www.elsevier.com/wps/find/journaldescription.cws_home/212?generatepdf=true,https://perma.cc/R3WE-ZUD3,LT,JEK
1001,IEEE TRANSACTIONS ON GEOSCIENCE AND REMOTE SENSING,4.662,GEOSCIENCES,TRUE,https://ieeexplore.ieee.org/xpl/RecentIssue.jsp?punumber=36,https://ieeexplore.ieee.org/stamp/stamp.jsp?tp=&arnumber=8674708,https://perma.cc/T6Q2-3DX8,LT,TEH
1002,JOURNAL OF CLIMATE,4.661,GEOSCIENCES,FALSE,https://www.ametsoc.org/index.cfm/ams/publications/journals/journal-of-climate/,https://www.ametsoc.org/index.cfm/ams/publications/journals/journal-of-climate/,https://perma.cc/6ZY2-U7K7,TB,RTT
1015,JOURNAL OF GEODESY,4.633,GEOSCIENCES,TRUE,https://link.springer.com/journal/190,F,NA,LT,RTT
1065,Cryosphere,4.524,GEOSCIENCES,TRUE,https://www.the-cryosphere.net,https://www.the-cryosphere.net/about/manuscript_types.html,https://perma.cc/472K-Y5KY,LT,TEH
333,INTERNATIONAL JOURNAL OF EPIDEMIOLOGY,8.36,"SOCIAL SCIENCES, GENERAL",TRUE,https://academic.oup.com/ije,https://academic.oup.com/ije/pages/Instructions_To_Authors,https://perma.cc/L8J5-ASYC; https://perma.cc/UXX8-EXUB,TB,TEH
444,EUROPEAN JOURNAL OF EPIDEMIOLOGY,7.023,"SOCIAL SCIENCES, GENERAL",TRUE,https://link.springer.com/journal/10654,https://www.springer.com/journal/10654/submission-guidelines#Instructions%20for%20authors_Types%20of%20articles,https://perma.cc/KWS2-GQ7C,TB,JEK
526,ECONOMIC GEOGRAPHY,6.438,"SOCIAL SCIENCES, GENERAL",FALSE,https://www.tandfonline.com/loi/recg20,F,NA,SAH,JEK
536,GLOBAL ENVIRONMENTAL CHANGE-HUMAN AND POLICY DIMENSIONS,6.371,"SOCIAL SCIENCES, GENERAL",FALSE,https://www.journals.elsevier.com/global-environmental-change,https://www.elsevier.com/wps/find/journaldescription.cws_home/30425?generatepdf=true,https://perma.cc/3ZZD-5HVZ,SAH,TEH
539,BULLETIN OF THE WORLD HEALTH ORGANIZATION,6.361,"SOCIAL SCIENCES, GENERAL",TRUE,https://www.who.int/bulletin/en/,https://www.who.int/bulletin/volumes/97/1/19-960119/en/,https://perma.cc/7J7K-3X5E,LT,RTT
607,MILBANK QUARTERLY,6,"SOCIAL SCIENCES, GENERAL",TRUE,https://onlinelibrary.wiley.com/journal/14680009,https://www.milbank.org/quarterly/for-authors/#instructions,https://perma.cc/GU5W-GDD5,SAH,TEH
623,TOURISM MANAGEMENT,5.921,"SOCIAL SCIENCES, GENERAL",TRUE,https://www.journals.elsevier.com/tourism-management,https://www.elsevier.com/wps/find/journaldescription.cws_home/30472?generatepdf=true,https://perma.cc/WY6H-RKX2,SAH,JEK
640,Internet and Higher Education,5.847,"SOCIAL SCIENCES, GENERAL",TRUE,https://www.journals.elsevier.com/the-internet-and-higher-education,https://www.elsevier.com/wps/find/journaldescription.cws_home/620187?generatepdf=true,https://perma.cc/9MYV-7RVU,LT,RTT
701,International Journal of Behavioral Nutrition and Physical Activity,5.548,"SOCIAL SCIENCES, GENERAL",TRUE,https://ijbnpa.biomedcentral.com,https://ijbnpa.biomedcentral.com/submission-guidelines,https://perma.cc/DKA4-MH6N?type=image,LT,TEH
733,MIS QUARTERLY,5.43,"SOCIAL SCIENCES, GENERAL",FALSE,https://www.misq.org,https://www.misq.org/categories,https://perma.cc/Q553-E89E,LT,RTT
792,AMERICAN JOURNAL OF POLITICAL SCIENCE,5.22,"SOCIAL SCIENCES, GENERAL",TRUE,https://onlinelibrary.wiley.com/journal/15405907,https://ajps.org/guidelines-for-manuscripts/,https://perma.cc/9DJ4-MX89,TB,TEH
797,YALE LAW JOURNAL,5.2,"SOCIAL SCIENCES, GENERAL",FALSE,https://www.yalelawjournal.org,https://www.yalelawjournal.org/files/129GeneralSubmissionsGuidelines_z3jndcr1.pdf,https://perma.cc/2HYJ-EUR7,SAH,RTT
809,Journal of Travel Research,5.169,"SOCIAL SCIENCES, GENERAL",TRUE,https://journals.sagepub.com/home/jtr,https://journals.sagepub.com/author-instructions/JTR,https://perma.cc/JF9B-725F,TB,JEK
837,ANNALS OF TOURISM RESEARCH,5.086,"SOCIAL SCIENCES, GENERAL",TRUE,https://www.journals.elsevier.com/annals-of-tourism-research,https://www.elsevier.com/journals/annals-of-tourism-research/0160-7383/guide-for-authors#900,https://perma.cc/4YXA-D43Z,SAH,RTT
851,AMERICAN SOCIOLOGICAL REVIEW,5.063,"SOCIAL SCIENCES, GENERAL",FALSE,https://journals.sagepub.com/home/asr,https://journals.sagepub.com/author-instructions/ASR,https://perma.cc/C6QJ-YFHX; https://perma.cc/Q93E-X5LY,SAH,JEK
925,SIAM REVIEW,4.886,MATHEMATICS,FALSE,https://www.siam.org/publications/journals/siam-review-sirev,https://www.siam.org/publications/journals/siam-review-sirev/instructions-for-authors,https://perma.cc/2PJE-YUNG,SAH,JEK
964,ANNALS OF MATHEMATICS,4.768,MATHEMATICS,FALSE,https://annals.math.princeton.edu,F,NA,TB,JEK
995,Advances in Nonlinear Analysis,4.674,MATHEMATICS,FALSE,https://www.degruyter.com/view/j/anona,https://www.degruyter.com/view/j/anona,https://perma.cc/5P3V-LR24,SAH,RTT
1017,JOURNAL OF THE AMERICAN MATHEMATICAL SOCIETY,4.625,MATHEMATICS,FALSE,https://www.ams.org/publications/journals/journalsframework/jams,F,NA,TB,JEK
1388,Nonlinear Analysis-Hybrid Systems,4.01,MATHEMATICS,FALSE,https://www.journals.elsevier.com/nonlinear-analysis-hybrid-systems,F,NA,LT,TEH
2022,COMMUNICATIONS ON PURE AND APPLIED MATHEMATICS,3.386,MATHEMATICS,FALSE,https://onlinelibrary.wiley.com/journal/10970312,F,NA,SAH,RTT
2099,MATHEMATICAL MODELS & METHODS IN APPLIED SCIENCES,3.319,MATHEMATICS,FALSE,https://www.worldscientific.com/worldscinet/m3as,https://www.worldscientific.com/page/m3as/aims-scope,https://perma.cc/V3BF-KU2A,LT,JEK
2503,FOUNDATIONS OF COMPUTATIONAL MATHEMATICS,3.056,MATHEMATICS,TRUE,https://link.springer.com/journal/10208,F,NA,TB,RTT
2738,JOURNAL OF THE ROYAL STATISTICAL SOCIETY SERIES B-STATISTICAL METHODOLOGY,2.894,MATHEMATICS,FALSE,https://rss.onlinelibrary.wiley.com/journal/14679868,https://rss.onlinelibrary.wiley.com/hub/journal/14679868/author-guidelines,https://perma.cc/69M2-826G?type=image,LT,TEH
2813,Fractional Calculus and Applied Analysis,2.865,MATHEMATICS,FALSE,https://www.degruyter.com/view/j/fca?lang=en,https://www.degruyter.com/view/j/fca?lang=en,https://perma.cc/DFD3-B53X,TB,JEK
2859,APPLIED AND COMPUTATIONAL HARMONIC ANALYSIS,2.833,MATHEMATICS,TRUE,https://www.journals.elsevier.com/applied-and-computational-harmonic-analysis,https://www.elsevier.com/journals/applied-and-computational-harmonic-analysis/1063-5203/guide-for-authors#900,https://perma.cc/U4SX-N49V,LT,JEK
2978,INVENTIONES MATHEMATICAE,2.767,MATHEMATICS,TRUE,https://link.springer.com/journal/222,F,NA,TB,RTT
3489,ANNALS OF STATISTICS,2.522,MATHEMATICS,FALSE,https://www.imstat.org/journals-and-publications/annals-of-statistics/,F,NA,TB,TEH
3616,APPLIED MATHEMATICS LETTERS,2.462,MATHEMATICS,TRUE,https://www.journals.elsevier.com/applied-mathematics-letters,https://www.elsevier.com/journals/applied-mathematics-letters/0893-9659/guide-for-authors#900,https://perma.cc/V947-K3KZ,LT,TEH
3649,ARCHIVE FOR RATIONAL MECHANICS AND ANALYSIS,2.448,MATHEMATICS,TRUE,https://link.springer.com/journal/205,F,NA,SAH,RTT
739,Global Change Biology Bioenergy,5.415,AGRICULTURAL SCIENCES,FALSE,https://onlinelibrary.wiley.com/journal/17571707,https://onlinelibrary.wiley.com/page/journal/17571707/homepage/forauthors.html,https://osf.io/nvfb4/,TB,JEK
818,MOLECULAR NUTRITION & FOOD RESEARCH,5.151,AGRICULTURAL SCIENCES,TRUE,https://onlinelibrary.wiley.com/journal/16134133,https://onlinelibrary.wiley.com/page/journal/16134133/homepage/2216_forauthors.html#types,https://perma.cc/F863-HMQ6,LT,TEH
836,FOOD HYDROCOLLOIDS,5.089,AGRICULTURAL SCIENCES,TRUE,https://www.journals.elsevier.com/food-hydrocolloids,https://www.elsevier.com/journals/food-hydrocolloids/0268-005X/guide-for-authors#2001,https://perma.cc/LVP6-LLZR,TB,RTT
902,SOIL BIOLOGY & BIOCHEMISTRY,4.926,AGRICULTURAL SCIENCES,TRUE,https://www.journals.elsevier.com/soil-biology-and-biochemistry,https://www.elsevier.com/journals/soil-biology-and-biochemistry/0038-0717/guide-for-authors#2001,https://perma.cc/JY3A-7Z7L,SAH,TEH
1076,Agronomy for Sustainable Development,4.503,AGRICULTURAL SCIENCES,TRUE,https://link.springer.com/journal/13593,https://www.springer.com/journal/13593/submission-guidelines#Instructions%20for%20Authors%20_Articles,https://perma.cc/G3LL-M8A7,SAH,JEK
1140,JOURNAL OF NUTRITION,4.398,AGRICULTURAL SCIENCES,TRUE,https://academic.oup.com/jn,https://academic.oup.com/jn/pages/General_Instructions#Types%20of%20Manuscripts,https://perma.cc/CC5J-T3DF,TB,JEK
1266,Nutrients,4.196,AGRICULTURAL SCIENCES,TRUE,https://www.mdpi.com/journal/nutrients,https://www.mdpi.com/journal/nutrients/instructions,https://perma.cc/NH5R-FGLA,TB,TEH
1330,FOOD MICROBIOLOGY,4.09,AGRICULTURAL SCIENCES,FALSE,https://www.journals.elsevier.com/food-microbiology,https://www.elsevier.com/journals/food-microbiology/0740-0020/guide-for-authors#2000,https://perma.cc/3GAW-83UP,SAH,RTT
1364,AGRICULTURAL AND FOREST METEOROLOGY,4.039,AGRICULTURAL SCIENCES,TRUE,https://www.sciencedirect.com/journal/agricultural-and-forest-meteorology,F,NA,TB,RTT
1375,Journal of the Academy of Nutrition and Dietetics,4.021,AGRICULTURAL SCIENCES,FALSE,https://jandonline.org,https://jandonline.org/content/authorinfo#art,https://osf.io/vp2sb/,SAH,TEH
1459,THEORETICAL AND APPLIED GENETICS,3.93,AGRICULTURAL SCIENCES,TRUE,https://link.springer.com/journal/122,F,NA,LT,RTT
1538,INDUSTRIAL CROPS AND PRODUCTS,3.849,AGRICULTURAL SCIENCES,TRUE,https://www.journals.elsevier.com/industrial-crops-and-products,https://www.elsevier.com/journals/industrial-crops-and-products/0926-6690/guide-for-authors#2001,https://perma.cc/BYM2-TW9G,TB,JEK
1556,SOIL & TILLAGE RESEARCH,3.824,AGRICULTURAL SCIENCES,TRUE,https://www.journals.elsevier.com/soil-and-tillage-research,https://www.elsevier.com/wps/find/journaldescription.cws_home/503318?generatepdf=true,https://perma.cc/A4H7-7ZV2,LT,TEH
1579,BIOLOGY AND FERTILITY OF SOILS,3.808,AGRICULTURAL SCIENCES,TRUE,https://link.springer.com/journal/374,https://www.springer.com/journal/374/submission-guidelines#Instructions%20for%20Authors_Types%20of%20papers,https://perma.cc/RFR5-LQW2,LT,RTT
1637,GENETICS SELECTION EVOLUTION,3.743,AGRICULTURAL SCIENCES,TRUE,https://gsejournal.biomedcentral.com/,https://gsejournal.biomedcentral.com/submission-guidelines,https://perma.cc/8CBG-9JYU; https://perma.cc/J9H4-9PWZ; https://perma.cc/68NX-FMS2,TB,TEH
325,JOURNAL OF THE ACADEMY OF MARKETING SCIENCE,8.488,ECONOMICS & BUSINESS,TRUE,https://www.springer.com/journal/11747,http://www.springer.com/cda/content/document/cda_downloaddocument/JAMS+Instructions+for+Authors+2015.pdf?SGWID=0-0-45-1536774-p173668805,https://perma.cc/G87C-3XVD,TB,RTT
352,JOURNAL OF MANAGEMENT,8.08,ECONOMICS & BUSINESS,TRUE,https://journals.sagepub.com/home/jom,https://journals.sagepub.com/author-instructions/JOM,https://perma.cc/Z7SK-V7YF,LT,RTT
368,QUARTERLY JOURNAL OF ECONOMICS,7.863,ECONOMICS & BUSINESS,TRUE,https://academic.oup.com/qje,F,NA,LT,RTT
407,JOURNAL OF MARKETING,7.338,ECONOMICS & BUSINESS,FALSE,https://www.ama.org/journal-of-marketing/,F,NA,TB,RTT
460,JOURNAL OF SERVICE RESEARCH,6.842,ECONOMICS & BUSINESS,TRUE,https://journals.sagepub.com/home/jsr,F,NA,SAH,RTT
477,ACADEMY OF MANAGEMENT JOURNAL,6.7,ECONOMICS & BUSINESS,TRUE,http://aom.org/amj/,http://aom.org/Publications/AMJ/Information-for-Contributors.aspx,https://perma.cc/Y6FQ-PTKM,SAH,JEK
504,JOURNAL OF HUMAN RESOURCES,6.531,ECONOMICS & BUSINESS,FALSE,http://jhr.uwpress.org,F,NA,TB,RTT
519,JOURNAL OF ECONOMIC GROWTH,6.48,ECONOMICS & BUSINESS,TRUE,https://link.springer.com/journal/10887,F,NA,TB,JEK
565,JOURNAL OF INTERNATIONAL BUSINESS STUDIES,6.198,ECONOMICS & BUSINESS,TRUE,http://www.jibs.net,F,NA,LT,RTT
584,Journal of Supply Chain Management,6.105,ECONOMICS & BUSINESS,TRUE,https://onlinelibrary.wiley.com/journal/1745493x,F,NA,TB,TEH
607,JOURNAL OF BUSINESS VENTURING,6,ECONOMICS & BUSINESS,TRUE,https://www.journals.elsevier.com/journal-of-business-venturing,F,NA,LT,TEH
629,ADMINISTRATIVE SCIENCE QUARTERLY,5.878,ECONOMICS & BUSINESS,TRUE,https://journals.sagepub.com/home/asq,F,NA,TB,JEK
720,STRATEGIC MANAGEMENT JOURNAL,5.482,ECONOMICS & BUSINESS,FALSE,https://onlinelibrary.wiley.com/journal/10970266,https://onlinelibrary.wiley.com/pb-assets/assets/10970266/SMJ_Author_Instructions_January_2020-1581629724147.pdf,https://perma.cc/92FB-X8JY; https://perma.cc/7Q2E-2C89,SAH,TEH
722,JOURNAL OF RETAILING,5.48,ECONOMICS & BUSINESS,TRUE,https://www.sciencedirect.com/journal/journal-of-retailing,F,NA,TB,TEH
745,JOURNAL OF FINANCE,5.397,ECONOMICS & BUSINESS,TRUE,https://onlinelibrary.wiley.com/journal/15406261,https://afajof.org/submissions/,https://perma.cc/99BR-ELVK,SAH,TEH
